app,method,url,handler,stratum,parameters,matched,missed,false_positive
Chat2DB 3.4.1,POST,/api/rdb/function/delete,chat2db-server/chat2db-server-web/chat2db-server-web-api/src/main/java/ai/chat2db/server/web/api/controller/rdb/FunctionController.java:46 delete,body,6,6,0,0
Chat2DB 3.4.1,POST,/api/admin/user/data_source/batch_create,chat2db-server/chat2db-server-web/chat2db-server-admin-api/src/main/java/ai/chat2db/server/admin/api/controller/user/UserDataSourceAdminController.java:68 create,body,2,2,0,0
Chat2DB 3.4.1,POST,/api/rdb/database/create_database_sql,chat2db-server/chat2db-server-web/chat2db-server-web-api/src/main/java/ai/chat2db/server/web/api/controller/rdb/DatabaseController.java:102 createDatabase,body,8,8,0,0
Chat2DB 3.4.1,POST,/api/admin/data_source/access/batch_create,chat2db-server/chat2db-server-web/chat2db-server-admin-api/src/main/java/ai/chat2db/server/admin/api/controller/datasource/DataSourceAccessAdminController.java:64 batchCreate,body,2,2,0,0
Chat2DB 3.4.1,POST,/api/system/set_update_type,chat2db-server/chat2db-server-web/chat2db-server-web-api/src/main/java/ai/chat2db/server/web/api/controller/system/SystemController.java:117 setUpdateType,body,1,1,0,0
Chat2DB 3.4.1,POST,/api/rdb/view/delete,chat2db-server/chat2db-server-web/chat2db-server-web-api/src/main/java/ai/chat2db/server/web/api/controller/rdb/ViewController.java:67 delete,body,5,5,0,0
Chat2DB 3.4.1,POST,/api/ai/embedding/datasource,chat2db-server/chat2db-server-web/chat2db-server-web-api/src/main/java/ai/chat2db/server/web/api/controller/ai/EmbeddingController.java:89 embeddings,body,8,8,0,0
Chat2DB 3.4.1,POST,/api/connection/ssh/pre_connect,chat2db-server/chat2db-server-web/chat2db-server-web-api/src/main/java/ai/chat2db/server/web/api/controller/data/source/DataSourceController.java:101 sshConnect,body,9,9,0,0
Chat2DB 3.4.1,POST,/api/pin/table/add,chat2db-server/chat2db-server-web/chat2db-server-web-api/src/main/java/ai/chat2db/server/web/api/controller/pin/PinController.java:27 add,body,4,4,0,0
Chat2DB 3.4.1,POST,/api/export/export_doc,chat2db-server/chat2db-server-web/chat2db-server-web-api/src/main/java/ai/chat2db/server/web/api/controller/task/ExportController.java:37 exportDoc,body,10,10,0,0
Chat2DB 3.4.1,POST,/api/rdb/database/export_data,chat2db-server/chat2db-server-web/chat2db-server-web-api/src/main/java/ai/chat2db/server/web/api/controller/rdb/DatabaseController.java:139 exportData,body,8,8,0,0
Chat2DB 3.4.1,POST,/api/rdb/ddl/delete,chat2db-server/chat2db-server-web/chat2db-server-web-api/src/main/java/ai/chat2db/server/web/api/controller/rdb/RdbDdlController.java:235 delete,body,5,5,0,0
Chat2DB 3.4.1,POST,/api/redis/key/create,chat2db-server/chat2db-server-web/chat2db-server-web-api/src/main/java/ai/chat2db/server/web/api/controller/redis/RedisKeyManageController.java:48 create,body,7,7,0,0
Chat2DB 3.4.1,POST,/api/chart/update,chat2db-server/chat2db-server-web/chat2db-server-web-api/src/main/java/ai/chat2db/server/web/api/controller/dashboard/ChartController.java:94 update,body,8,8,0,0
Chat2DB 3.4.1,POST,/api/rdb/procedure/delete,chat2db-server/chat2db-server-web/chat2db-server-web-api/src/main/java/ai/chat2db/server/web/api/controller/rdb/ProcedureController.java:50 delete,body,6,6,0,0
Chat2DB 3.4.1,POST,/api/rdb/dml/get_order_by_sql,chat2db-server/chat2db-server-web/chat2db-server-web-api/src/main/java/ai/chat2db/server/web/api/controller/rdb/RdbDmlController.java:139 getOrderBySql,body,6,6,0,0
Chat2DB 3.4.1,POST,/api/rdb/schema/delete_schema,chat2db-server/chat2db-server-web/chat2db-server-web-api/src/main/java/ai/chat2db/server/web/api/controller/rdb/SchemaController.java:71 deleteSchema,body,4,4,0,0
Chat2DB 3.4.1,PUT,/api/rdb/dml/execute_ddl,chat2db-server/chat2db-server-web/chat2db-server-web-api/src/main/java/ai/chat2db/server/web/api/controller/rdb/RdbDmlController.java:153 executeDDL,body,9,9,0,0
Chat2DB 3.4.1,GET,/,chat2db-server/chat2db-server-web-start/src/main/java/ai/chat2db/server/web/start/controller/thymeleaf/ThymeleafController.java:26 index,none,0,0,0,0
Chat2DB 3.4.1,POST,/api/oauth/logout_a,chat2db-server/chat2db-server-web-start/src/main/java/ai/chat2db/server/web/start/controller/oauth/OauthController.java:90 logout,none,0,0,0,0
Chat2DB 3.4.1,GET,/api/ai/config/remaininguses,chat2db-server/chat2db-server-web/chat2db-server-web-api/src/main/java/ai/chat2db/server/web/api/controller/ai/AiConfigController.java:104 remaininguses,none,0,0,0,0
Chat2DB 3.4.1,GET,/connections,chat2db-server/chat2db-server-web-start/src/main/java/ai/chat2db/server/web/start/controller/thymeleaf/ThymeleafController.java:26 index,none,0,0,0,0
Chat2DB 3.4.1,DELETE,/api/admin/team/{id},chat2db-server/chat2db-server-web/chat2db-server-admin-api/src/main/java/ai/chat2db/server/admin/api/controller/team/TeamAdminController.java:88 delete,path,1,1,0,0
Chat2DB 3.4.1,GET,/api/rdb/database/export_data_status/{taskId},chat2db-server/chat2db-server-web/chat2db-server-web-api/src/main/java/ai/chat2db/server/web/api/controller/rdb/DatabaseController.java:145 exportDataStatus,path,1,1,0,0
Chat2DB 3.4.1,DELETE,/api/connection/datasource/{id},chat2db-server/chat2db-server-web/chat2db-server-web-api/src/main/java/ai/chat2db/server/web/api/controller/data/source/DataSourceController.java:239 delete,path,1,1,0,0
Chat2DB 3.4.1,DELETE,/api/dashboard/{id},chat2db-server/chat2db-server-web/chat2db-server-web-api/src/main/java/ai/chat2db/server/web/api/controller/dashboard/DashboardController.java:108 delete,path,1,1,0,0
Chat2DB 3.4.1,GET,/api/rdb/ddl/list,chat2db-server/chat2db-server-web/chat2db-server-web-api/src/main/java/ai/chat2db/server/web/api/controller/rdb/RdbDdlController.java:67 list,query,7,7,0,0
Chat2DB 3.4.1,POST,/api/converter/datagrip/upload,chat2db-server/chat2db-server-web/chat2db-server-web-api/src/main/java/ai/chat2db/server/web/api/controller/ncx/ConverterController.java:78 datagripUploadFile,query,1,1,0,0
Chat2DB 3.4.1,GET,/api/operation/saved/list,chat2db-server/chat2db-server-web/chat2db-server-web-api/src/main/java/ai/chat2db/server/web/api/controller/operation/saved/OperationSavedController.java:57 list,query,10,10,0,0
Chat2DB 3.4.1,GET,/api/rdb/table/index_list,chat2db-server/chat2db-server-web/chat2db-server-web-api/src/main/java/ai/chat2db/server/web/api/controller/rdb/TableController.java:128 indexList,query,5,5,0,0
Chat2DB 3.4.1,GET,/api/connection/datasource/connect,chat2db-server/chat2db-server-web/chat2db-server-web-api/src/main/java/ai/chat2db/server/web/api/controller/data/source/DataSourceController.java:123 attach,query,1,1,0,0
Chat2DB 3.4.1,GET,/api/rdb/table/query,chat2db-server/chat2db-server-web/chat2db-server-web-api/src/main/java/ai/chat2db/server/web/api/controller/rdb/TableController.java:188 query,query,5,5,0,0
Chat2DB 3.4.1,GET,/api/redis/key/list,chat2db-server/chat2db-server-web/chat2db-server-web-api/src/main/java/ai/chat2db/server/web/api/controller/redis/RedisKeyManageController.java:37 list,query,6,6,0,0
Chat2DB 3.4.1,GET,/api/rdb/ddl/index_list,chat2db-server/chat2db-server-web/chat2db-server-web-api/src/main/java/ai/chat2db/server/web/api/controller/rdb/RdbDdlController.java:144 indexList,query,5,5,0,0
Chat2DB 3.4.1,GET,/api/rdb/table/table_list,chat2db-server/chat2db-server-web/chat2db-server-web-api/src/main/java/ai/chat2db/server/web/api/controller/rdb/TableController.java:91 tableList,query,7,7,0,0
Chat2DB 3.4.1,GET,/api/rdb/view/list,chat2db-server/chat2db-server-web/chat2db-server-web-api/src/main/java/ai/chat2db/server/web/api/controller/rdb/ViewController.java:43 list,query,7,7,0,0
Chat2DB 3.4.1,GET,/api/admin/common/user/list,chat2db-server/chat2db-server-web/chat2db-server-admin-api/src/main/java/ai/chat2db/server/admin/api/controller/common/CommonAdminController.java:76 userList,query,1,1,0,0
Chat2DB 3.4.1,GET,/api/rdb/table/create/example,chat2db-server/chat2db-server-web/chat2db-server-web-api/src/main/java/ai/chat2db/server/web/api/controller/rdb/TableController.java:166 createExample,query,1,1,0,0
Chat2DB 3.4.1,GET,/api/rdb/function/detail,chat2db-server/chat2db-server-web/chat2db-server-web-api/src/main/java/ai/chat2db/server/web/api/controller/rdb/FunctionController.java:41 detail,query,5,5,0,0
Chat2DB 3.4.1,GET,/api/ai/config/getLoginStatus,chat2db-server/chat2db-server-web/chat2db-server-web-api/src/main/java/ai/chat2db/server/web/api/controller/ai/AiConfigController.java:72 getLoginStatus,query,1,1,0,0
Halo 1.6.1,POST,/api/admin/links,src/main/java/run/halo/app/controller/admin/api/LinkController.java:57 createBy,body,7,7,0,0
Halo 1.6.1,PUT,/api/admin/photos/{photoId},src/main/java/run/halo/app/controller/admin/api/PhotoController.java:104 updateBy,body,9,9,0,0
Halo 1.6.1,POST,/api/admin/sheets,src/main/java/run/halo/app/controller/admin/api/SheetController.java:91 createBy,body,18,18,0,0
Halo 1.6.1,PUT,/api/admin/statics/files,src/main/java/run/halo/app/controller/admin/api/StaticStorageController.java:70 save,body,2,2,0,0
Halo 1.6.1,POST,/api/admin/attachments/uploads,src/main/java/run/halo/app/controller/admin/api/AttachmentController.java:89 uploadAttachments,body,1,1,0,0
Halo 1.6.1,POST,/api/admin/options,src/main/java/run/halo/app/controller/admin/api/OptionController.java:88 createBy,body,3,3,0,0
Halo 1.6.1,POST,/api/content/posts/comments,src/main/java/run/halo/app/controller/content/api/PostController.java:245 comment,body,7,7,0,0
Halo 1.6.1,POST,/api/admin/mails/test,src/main/java/run/halo/app/controller/admin/api/MailController.java:33 testMail,body,3,3,0,0
Halo 1.6.1,POST,/api/admin/login,src/main/java/run/halo/app/controller/admin/api/AdminController.java:69 auth,body,3,3,0,0
Halo 1.6.1,PUT,/api/admin/posts/comments/status/{status},src/main/java/run/halo/app/controller/admin/api/PostCommentController.java:118 updateStatusInBatch,body,2,2,0,0
Halo 1.6.1,GET,/api/admin/links/teams,src/main/java/run/halo/app/controller/admin/api/LinkController.java:78 teams,none,0,0,0,0
Halo 1.6.1,GET,/${halo.admin-path},src/main/java/run/halo/app/controller/content/MainController.java:53 admin,none,0,0,0,0
Halo 1.6.1,GET,/robots.txt,src/main/java/run/halo/app/controller/content/ContentFeedController.java:224 robots,none,0,0,0,0
Halo 1.6.1,GET,/api/content/options/list_view,src/main/java/run/halo/app/controller/content/api/OptionController.java:39 listAll,none,0,0,0,0
Halo 1.6.1,GET,/api/admin/test/disableOnCondition/yes,src/test/java/run/halo/app/controller/DisableOnConditionController.java:26 ableAccess,none,0,0,0,0
Halo 1.6.1,GET,/api/content/options/comment,src/main/java/run/halo/app/controller/content/api/OptionController.java:74 comment,none,0,0,0,0
Halo 1.6.1,GET,/api/admin/backups/work-dir,src/main/java/run/halo/app/controller/admin/api/BackupController.java:109 listBackups,none,0,0,0,0
Halo 1.6.1,GET,/install,src/main/java/run/halo/app/controller/content/MainController.java:65 installation,none,0,0,0,0
Halo 1.6.1,DELETE,/api/admin/categories/{categoryId},src/main/java/run/halo/app/controller/admin/api/CategoryController.java:109 deletePermanently,path,1,1,0,0
Halo 1.6.1,GET,/api/admin/themes/{themeId}/settings,src/main/java/run/halo/app/controller/admin/api/ThemeController.java:165 listSettingsBy,path,1,1,0,0
Halo 1.6.1,GET,/api/admin/backups/markdown/export/{fileName},src/main/java/run/halo/app/controller/admin/api/BackupController.java:237 downloadMarkdown,path,1,1,0,0
Halo 1.6.1,PUT,/api/admin/sheets/{sheetId}/{status},src/main/java/run/halo/app/controller/admin/api/SheetController.java:117 updateStatusBy,path,2,2,0,0
Halo 1.6.1,GET,/api/admin/attachments/{id},src/main/java/run/halo/app/controller/admin/api/AttachmentController.java:55 getBy,path,1,1,0,0
Halo 1.6.1,GET,/api/content/posts/{postId}/next,src/main/java/run/halo/app/controller/content/api/PostController.java:184 getNextPostBy,path,1,1,0,0
Halo 1.6.1,POST,/api/admin/themes/{themeId}/activation,src/main/java/run/halo/app/controller/admin/api/ThemeController.java:122 active,path,1,1,0,0
Halo 1.6.1,GET,/api/content/themes/{themeId},src/main/java/run/halo/app/controller/content/api/ThemeController.java:40 getBy,path,1,1,0,0
Halo 1.6.1,GET,/api/admin/sheets/comments/{commentId},src/main/java/run/halo/app/controller/admin/api/SheetCommentController.java:138 getBy,path,1,1,0,0
Halo 1.6.1,GET,/api/content/links/team_view,src/main/java/run/halo/app/controller/content/api/LinkController.java:41 listTeamVos,query,1,1,0,0
Halo 1.6.1,GET,/,src/main/java/run/halo/app/controller/content/ContentIndexController.java:50 index,none,2,2,0,0
Halo 1.6.1,GET,/api/content/categories/{slug}/posts,src/main/java/run/halo/app/controller/content/api/CategoryController.java:79 listPostsBy,query,5,5,0,0
Halo 1.6.1,GET,/api/content/menus/tree_view,src/main/java/run/halo/app/controller/content/api/MenuController.java:41 listMenusTree,query,1,1,0,0
Halo 1.6.1,GET,/api/admin/journals/latest,src/main/java/run/halo/app/controller/admin/api/JournalController.java:55 pageLatest,query,1,1,0,0
Halo 1.6.1,GET,/api/admin/themes/{themeId}/files/content,src/main/java/run/halo/app/controller/admin/api/ThemeController.java:85 getContentBy,query,2,2,0,0
Halo 1.6.1,GET,/{year}/{month}/{slug},src/main/java/run/halo/app/controller/content/ContentContentController.java:226 content,query,4,4,0,0
Halo 1.6.1,GET,/api/admin/backups/work-dir/fetch,src/main/java/run/halo/app/controller/admin/api/BackupController.java:66 getWorkDirBackup,query,1,1,0,0
Halo 1.6.1,GET,/api/admin/attachments,src/main/java/run/halo/app/controller/admin/api/AttachmentController.java:47 pageBy,query,6,6,0,0
Halo 1.6.1,GET,/api/content/journals/{journalId}/comments/list_view,src/main/java/run/halo/app/controller/content/api/JournalController.java:119 listComments,query,3,3,0,0
Halo 1.6.1,GET,/api/admin/backups/data/fetch,src/main/java/run/halo/app/controller/admin/api/BackupController.java:74 getDataBackup,query,1,1,0,0
Halo 1.6.1,GET,/api/admin/sheets/comments/{sheetId}/list_view,src/main/java/run/halo/app/controller/admin/api/SheetCommentController.java:90 listComments,query,3,3,0,0
Halo 1.6.1,GET,/api/admin/menus/tree_view,src/main/java/run/halo/app/controller/admin/api/MenuController.java:54 listAsTree,query,1,1,0,0
novel-plus 5.2.0,POST,/novel/bookComment/save,novel-admin/src/main/java/com/java2nb/novel/controller/BookCommentController.java:90 save,body,9,9,0,0
novel-plus 5.2.0,POST,/novel/bookSetting/save,novel-admin/src/main/java/com/java2nb/novel/controller/BookSettingController.java:88 save,body,9,9,0,0
novel-plus 5.2.0,POST,/sys/user/updatePeronal,novel-admin/src/main/java/com/java2nb/system/controller/SysUserController.java:117 updatePeronal,body,23,23,0,0
novel-plus 5.2.0,POST,/crawl/addCrawlSingleTask,novel-crawl/src/main/java/com/java2nb/novel/controller/CrawlController.java:129 addCrawlSingleTask,body,11,11,0,0
novel-plus 5.2.0,POST,/novel/friendLink/save,novel-admin/src/main/java/com/java2nb/novel/controller/FriendLinkController.java:87 save,body,9,9,0,0
novel-plus 5.2.0,GET,/sys/role,novel-admin/src/main/java/com/java2nb/system/controller/RoleController.java:26 role,none,0,0,0,0
novel-plus 5.2.0,GET,/novel/authorCode/add,novel-admin/src/main/java/com/java2nb/novel/controller/AuthorCodeController.java:61 add,none,0,0,0,0
novel-plus 5.2.0,GET,/novel/book/add,novel-admin/src/main/java/com/java2nb/novel/controller/BookController.java:61 add,none,0,0,0,0
novel-plus 5.2.0,GET,/common/dict/add,novel-admin/src/main/java/com/java2nb/common/controller/DictController.java:52 add,none,0,0,0,0
novel-plus 5.2.0,GET,/sys/online/list,novel-admin/src/main/java/com/java2nb/system/controller/SessionController.java:33 list,none,0,0,0,0
novel-plus 5.2.0,GET,/file/getVerify,novel-front/src/main/java/com/java2nb/novel/controller/FileController.java:47 getVerify,none,0,0,0,0
novel-plus 5.2.0,GET,/system/sysDept/list,novel-admin/src/main/java/com/java2nb/system/controller/DeptController.java:45 list,none,0,0,0,0
novel-plus 5.2.0,GET,/index,novel-front/src/main/java/com/java2nb/novel/controller/page/PageController.java:83 index,none,0,0,0,0
novel-plus 5.2.0,GET,/novel/stat/countSta,novel-admin/src/main/java/com/java2nb/novel/controller/StatController.java:48 countUser,none,0,0,0,0
novel-plus 5.2.0,GET,/,novel-front/src/main/java/com/java2nb/novel/controller/page/PageController.java:83 index,none,0,0,0,0
novel-plus 5.2.0,GET,/novel/author/edit/{id},novel-admin/src/main/java/com/java2nb/novel/controller/AuthorController.java:68 edit,path,1,1,0,0
novel-plus 5.2.0,GET,/novel/authorCode/edit/{id},novel-admin/src/main/java/com/java2nb/novel/controller/AuthorCodeController.java:68 edit,path,1,1,0,0
novel-plus 5.2.0,GET,/author/queryIndexContent/{indexId},novel-front/src/main/java/com/java2nb/novel/controller/AuthorController.java:148 queryIndexContent,path,1,1,0,0
novel-plus 5.2.0,GET,/system/sysDept/add/{pId},novel-admin/src/main/java/com/java2nb/system/controller/DeptController.java:53 add,path,1,1,0,0
novel-plus 5.2.0,GET,/common/dict/list/{type},novel-admin/src/main/java/com/java2nb/common/controller/DictController.java:141 listByType,path,1,1,0,0
novel-plus 5.2.0,GET,/novel/bookContent/edit/{id},novel-admin/src/main/java/com/java2nb/novel/controller/BookContentController.java:68 edit,path,1,1,0,0
novel-plus 5.2.0,GET,/common/dict/edit/{id},novel-admin/src/main/java/com/java2nb/common/controller/DictController.java:58 edit,path,1,1,0,0
novel-plus 5.2.0,DELETE,/user/removeFromBookShelf/{bookId},novel-front/src/main/java/com/java2nb/novel/controller/UserController.java:133 removeFromBookShelf,path,1,1,0,0
novel-plus 5.2.0,GET,/book/queryBookIndexAbout,novel-front/src/main/java/com/java2nb/novel/controller/BookController.java:121 queryBookIndexAbout,query,2,2,0,0
novel-plus 5.2.0,POST,/system/sysDept/batchRemove,novel-admin/src/main/java/com/java2nb/system/controller/DeptController.java:140 remove,query,1,1,0,0
novel-plus 5.2.0,GET,/system/sysDept/update,novel-admin/src/main/java/com/java2nb/system/controller/DeptController.java:99 update,query,5,5,0,0
novel-plus 5.2.0,GET,/common/generator/batchDownload,novel-admin/src/main/java/com/java2nb/common/controller/GeneratorController.java:74 batchDownload,query,1,1,0,0
novel-plus 5.2.0,POST,/novel/friendLink/remove,novel-admin/src/main/java/com/java2nb/novel/controller/FriendLinkController.java:115 remove,query,1,1,0,0
novel-plus 5.2.0,POST,/novel/bookIndex/batchRemove,novel-admin/src/main/java/com/java2nb/novel/controller/BookIndexController.java:130 remove,query,1,1,0,0
novel-plus 5.2.0,GET,/book/listCommentReplyByPage,novel-front/src/main/java/com/java2nb/novel/controller/BookController.java:157 listCommentReplyByPage,query,3,3,0,0
novel-plus 5.2.0,GET,/novel/authorCode/list,novel-admin/src/main/java/com/java2nb/novel/controller/AuthorCodeController.java:49 list,query,10,10,0,0
novel-plus 5.2.0,GET,/novel/bookSetting/update,novel-admin/src/main/java/com/java2nb/novel/controller/BookSettingController.java:102 update,query,9,9,0,0
novel-plus 5.2.0,GET,/system/dataPerm/update,novel-admin/src/main/java/com/java2nb/system/controller/DataPermController.java:107 update,query,10,10,0,0
novel-plus 5.2.0,GET,/novel/bookComment/update,novel-admin/src/main/java/com/java2nb/novel/controller/BookCommentController.java:104 update,query,9,9,0,0
novel-plus 5.2.0,GET,/novel/bookComment/list,novel-admin/src/main/java/com/java2nb/novel/controller/BookCommentController.java:49 list,query,11,11,0,0
novel-plus 5.2.0,GET,/novel/book/update,novel-admin/src/main/java/com/java2nb/novel/controller/BookController.java:104 update,query,26,26,0,0
novel-plus 5.2.0,GET,/common/generator/genColumns,novel-admin/src/main/java/com/java2nb/common/controller/GeneratorController.java:128 genColumns,query,1,1,0,0
novel-plus 5.2.0,POST,/common/dict/remove,novel-admin/src/main/java/com/java2nb/common/controller/DictController.java:100 remove,query,1,1,0,0
novel-plus 5.2.0,POST,/system/roleDataPerm/remove,novel-admin/src/main/java/com/java2nb/system/controller/RoleDataPermController.java:116 remove,query,1,1,0,0
novel-plus 5.2.0,POST,/author/ai/continue,novel-front/src/main/java/com/java2nb/novel/controller/AuthorController.java:277 continueText,query,2,2,0,0
