app,method,url,parameter,source_location,source_java_type,expected_type,tool_location,tool_type,outcome,type_check,location_check
Chat2DB 3.4.1,POST,/api/rdb/function/delete,dataSourceId,body,Long,integer,body,integer,matched,ok,ok
Chat2DB 3.4.1,POST,/api/rdb/function/delete,databaseName,body,String,string,body,string,matched,ok,ok
Chat2DB 3.4.1,POST,/api/rdb/function/delete,functionBody,body,String,string,body,string,matched,ok,ok
Chat2DB 3.4.1,POST,/api/rdb/function/delete,functionName,body,String,string,body,string,matched,ok,ok
Chat2DB 3.4.1,POST,/api/rdb/function/delete,refresh,body,boolean,boolean,body,boolean,matched,ok,ok
Chat2DB 3.4.1,POST,/api/rdb/function/delete,schemaName,body,String,string,body,string,matched,ok,ok
Chat2DB 3.4.1,POST,/api/admin/user/data_source/batch_create,dataSourceIdList,body,List<Long>,array,body,array,matched,ok,ok
Chat2DB 3.4.1,POST,/api/admin/user/data_source/batch_create,userId,body,Long,integer,body,integer,matched,ok,ok
Chat2DB 3.4.1,POST,/api/rdb/database/create_database_sql,charset,body,String,string,body,string,matched,ok,ok
Chat2DB 3.4.1,POST,/api/rdb/database/create_database_sql,collation,body,String,string,body,string,matched,ok,ok
Chat2DB 3.4.1,POST,/api/rdb/database/create_database_sql,comment,body,String,string,body,string,matched,ok,ok
Chat2DB 3.4.1,POST,/api/rdb/database/create_database_sql,dataSourceId,body,Long,integer,body,integer,matched,ok,ok
Chat2DB 3.4.1,POST,/api/rdb/database/create_database_sql,databaseName,body,String,string,body,string,matched,ok,ok
Chat2DB 3.4.1,POST,/api/rdb/database/create_database_sql,name,body,String,string,body,string,matched,ok,ok
Chat2DB 3.4.1,POST,/api/rdb/database/create_database_sql,refresh,body,boolean,boolean,body,boolean,matched,ok,ok
Chat2DB 3.4.1,POST,/api/rdb/database/create_database_sql,schemaName,body,String,string,body,string,matched,ok,ok
Chat2DB 3.4.1,POST,/api/admin/data_source/access/batch_create,accessObjectList,body,List<DataSourceAccessObjectRequest>,array,body,array,matched,ok,ok
Chat2DB 3.4.1,POST,/api/admin/data_source/access/batch_create,dataSourceId,body,Long,integer,body,integer,matched,ok,ok
Chat2DB 3.4.1,POST,/api/system/set_update_type,updateType,body,String,string,body,string,matched,ok,ok
Chat2DB 3.4.1,POST,/api/rdb/view/delete,dataSourceId,body,Long,integer,body,integer,matched,ok,ok
Chat2DB 3.4.1,POST,/api/rdb/view/delete,databaseName,body,String,string,body,string,matched,ok,ok
Chat2DB 3.4.1,POST,/api/rdb/view/delete,refresh,body,boolean,boolean,body,boolean,matched,ok,ok
Chat2DB 3.4.1,POST,/api/rdb/view/delete,schemaName,body,String,string,body,string,matched,ok,ok
Chat2DB 3.4.1,POST,/api/rdb/view/delete,tableName,body,String,string,body,string,matched,ok,ok
Chat2DB 3.4.1,POST,/api/ai/embedding/datasource,apikey,body,String,string,body,string,matched,ok,ok
Chat2DB 3.4.1,POST,/api/ai/embedding/datasource,dataSourceId,body,Long,integer,body,integer,matched,ok,ok
Chat2DB 3.4.1,POST,/api/ai/embedding/datasource,databaseName,body,String,string,body,string,matched,ok,ok
Chat2DB 3.4.1,POST,/api/ai/embedding/datasource,pageNo,body,Integer,integer,body,integer,matched,ok,ok
Chat2DB 3.4.1,POST,/api/ai/embedding/datasource,pageSize,body,Integer,integer,body,integer,matched,ok,ok
Chat2DB 3.4.1,POST,/api/ai/embedding/datasource,refresh,body,boolean,boolean,body,boolean,matched,ok,ok
Chat2DB 3.4.1,POST,/api/ai/embedding/datasource,schemaName,body,String,string,body,string,matched,ok,ok
Chat2DB 3.4.1,POST,/api/ai/embedding/datasource,searchKey,body,String,string,body,string,matched,ok,ok
Chat2DB 3.4.1,POST,/api/connection/ssh/pre_connect,authenticationType,body,String,string,body,string,matched,ok,ok
Chat2DB 3.4.1,POST,/api/connection/ssh/pre_connect,hostName,body,String,string,body,string,matched,ok,ok
Chat2DB 3.4.1,POST,/api/connection/ssh/pre_connect,keyFile,body,String,string,body,string,matched,ok,ok
Chat2DB 3.4.1,POST,/api/connection/ssh/pre_connect,localPort,body,String,string,body,string,matched,ok,ok
Chat2DB 3.4.1,POST,/api/connection/ssh/pre_connect,passphrase,body,String,string,body,string,matched,ok,ok
Chat2DB 3.4.1,POST,/api/connection/ssh/pre_connect,password,body,String,string,body,string,matched,ok,ok
Chat2DB 3.4.1,POST,/api/connection/ssh/pre_connect,port,body,String,string,body,string,matched,ok,ok
Chat2DB 3.4.1,POST,/api/connection/ssh/pre_connect,use,body,boolean,boolean,body,boolean,matched,ok,ok
Chat2DB 3.4.1,POST,/api/connection/ssh/pre_connect,userName,body,String,string,body,string,matched,ok,ok
Chat2DB 3.4.1,POST,/api/pin/table/add,dataSourceId,body,Long,integer,body,integer,matched,ok,ok
Chat2DB 3.4.1,POST,/api/pin/table/add,databaseName,body,String,string,body,string,matched,ok,ok
Chat2DB 3.4.1,POST,/api/pin/table/add,schemaName,body,String,string,body,string,matched,ok,ok
Chat2DB 3.4.1,POST,/api/pin/table/add,tableName,body,String,string,body,string,matched,ok,ok
Chat2DB 3.4.1,POST,/api/export/export_doc,dataSourceId,body,Long,integer,body,integer,matched,ok,ok
Chat2DB 3.4.1,POST,/api/export/export_doc,databaseName,body,String,string,body,string,matched,ok,ok
Chat2DB 3.4.1,POST,/api/export/export_doc,exportSize,body,String,string,body,string,matched,ok,ok
Chat2DB 3.4.1,POST,/api/export/export_doc,exportType,body,String,string,body,string,matched,ok,ok
Chat2DB 3.4.1,POST,/api/export/export_doc,originalSql,body,String,string,body,string,matched,ok,ok
Chat2DB 3.4.1,POST,/api/export/export_doc,pageNo,body,Integer,integer,body,integer,matched,ok,ok
Chat2DB 3.4.1,POST,/api/export/export_doc,pageSize,body,Integer,integer,body,integer,matched,ok,ok
Chat2DB 3.4.1,POST,/api/export/export_doc,refresh,body,boolean,boolean,body,boolean,matched,ok,ok
Chat2DB 3.4.1,POST,/api/export/export_doc,schemaName,body,String,string,body,string,matched,ok,ok
Chat2DB 3.4.1,POST,/api/export/export_doc,sql,body,String,string,body,string,matched,ok,ok
Chat2DB 3.4.1,POST,/api/rdb/database/export_data,containsHeader,body,Boolean,boolean,body,boolean,matched,ok,ok
Chat2DB 3.4.1,POST,/api/rdb/database/export_data,dataSourceId,body,Long,integer,body,integer,matched,ok,ok
Chat2DB 3.4.1,POST,/api/rdb/database/export_data,databaseName,body,String,string,body,string,matched,ok,ok
Chat2DB 3.4.1,POST,/api/rdb/database/export_data,exportType,body,String,string,body,string,matched,ok,ok
Chat2DB 3.4.1,POST,/api/rdb/database/export_data,refresh,body,boolean,boolean,body,boolean,matched,ok,ok
Chat2DB 3.4.1,POST,/api/rdb/database/export_data,schemaName,body,String,string,body,string,matched,ok,ok
Chat2DB 3.4.1,POST,/api/rdb/database/export_data,sqyType,body,String,string,body,string,matched,ok,ok
Chat2DB 3.4.1,POST,/api/rdb/database/export_data,tableNames,body,List<String>,array,body,array,matched,ok,ok
Chat2DB 3.4.1,POST,/api/rdb/ddl/delete,dataSourceId,body,Long,integer,body,integer,matched,ok,ok
Chat2DB 3.4.1,POST,/api/rdb/ddl/delete,databaseName,body,String,string,body,string,matched,ok,ok
Chat2DB 3.4.1,POST,/api/rdb/ddl/delete,refresh,body,boolean,boolean,body,boolean,matched,ok,ok
Chat2DB 3.4.1,POST,/api/rdb/ddl/delete,schemaName,body,String,string,body,string,matched,ok,ok
Chat2DB 3.4.1,POST,/api/rdb/ddl/delete,tableName,body,String,string,body,string,matched,ok,ok
Chat2DB 3.4.1,POST,/api/redis/key/create,dataSourceId,body,Long,integer,body,integer,matched,ok,ok
Chat2DB 3.4.1,POST,/api/redis/key/create,databaseName,body,String,string,body,string,matched,ok,ok
Chat2DB 3.4.1,POST,/api/redis/key/create,name,body,String,string,body,string,matched,ok,ok
Chat2DB 3.4.1,POST,/api/redis/key/create,refresh,body,boolean,boolean,body,boolean,matched,ok,ok
Chat2DB 3.4.1,POST,/api/redis/key/create,schemaName,body,String,string,body,string,matched,ok,ok
Chat2DB 3.4.1,POST,/api/redis/key/create,ttl,body,Long,integer,body,integer,matched,ok,ok
Chat2DB 3.4.1,POST,/api/redis/key/create,value,body,Object,,body,string,matched,not_compared,ok
Chat2DB 3.4.1,POST,/api/chart/update,dataSourceId,body,Long,integer,body,integer,matched,ok,ok
Chat2DB 3.4.1,POST,/api/chart/update,databaseName,body,String,string,body,string,matched,ok,ok
Chat2DB 3.4.1,POST,/api/chart/update,ddl,body,String,string,body,string,matched,ok,ok
Chat2DB 3.4.1,POST,/api/chart/update,id,body,Long,integer,body,integer,matched,ok,ok
Chat2DB 3.4.1,POST,/api/chart/update,name,body,String,string,body,string,matched,ok,ok
Chat2DB 3.4.1,POST,/api/chart/update,schema,body,String,string,body,string,matched,ok,ok
Chat2DB 3.4.1,POST,/api/chart/update,schemaName,body,String,string,body,string,matched,ok,ok
Chat2DB 3.4.1,POST,/api/chart/update,type,body,String,string,body,string,matched,ok,ok
Chat2DB 3.4.1,POST,/api/rdb/procedure/delete,dataSourceId,body,Long,integer,body,integer,matched,ok,ok
Chat2DB 3.4.1,POST,/api/rdb/procedure/delete,databaseName,body,String,string,body,string,matched,ok,ok
Chat2DB 3.4.1,POST,/api/rdb/procedure/delete,procedureBody,body,String,string,body,string,matched,ok,ok
Chat2DB 3.4.1,POST,/api/rdb/procedure/delete,procedureName,body,String,string,body,string,matched,ok,ok
Chat2DB 3.4.1,POST,/api/rdb/procedure/delete,refresh,body,boolean,boolean,body,boolean,matched,ok,ok
Chat2DB 3.4.1,POST,/api/rdb/procedure/delete,schemaName,body,String,string,body,string,matched,ok,ok
Chat2DB 3.4.1,POST,/api/rdb/dml/get_order_by_sql,dataSourceId,body,Long,integer,body,integer,matched,ok,ok
Chat2DB 3.4.1,POST,/api/rdb/dml/get_order_by_sql,databaseName,body,String,string,body,string,matched,ok,ok
Chat2DB 3.4.1,POST,/api/rdb/dml/get_order_by_sql,orderByList,body,List<OrderBy>,array,body,array,matched,ok,ok
Chat2DB 3.4.1,POST,/api/rdb/dml/get_order_by_sql,originSql,body,String,string,body,string,matched,ok,ok
Chat2DB 3.4.1,POST,/api/rdb/dml/get_order_by_sql,refresh,body,boolean,boolean,body,boolean,matched,ok,ok
Chat2DB 3.4.1,POST,/api/rdb/dml/get_order_by_sql,schemaName,body,String,string,body,string,matched,ok,ok
Chat2DB 3.4.1,POST,/api/rdb/schema/delete_schema,dataSourceId,body,Long,integer,body,integer,matched,ok,ok
Chat2DB 3.4.1,POST,/api/rdb/schema/delete_schema,databaseName,body,String,string,body,string,matched,ok,ok
Chat2DB 3.4.1,POST,/api/rdb/schema/delete_schema,refresh,body,boolean,boolean,body,boolean,matched,ok,ok
Chat2DB 3.4.1,POST,/api/rdb/schema/delete_schema,schemaName,body,String,string,body,string,matched,ok,ok
Chat2DB 3.4.1,PUT,/api/rdb/dml/execute_ddl,consoleId,body,Long,integer,body,integer,matched,ok,ok
Chat2DB 3.4.1,PUT,/api/rdb/dml/execute_ddl,dataSourceId,body,Long,integer,body,integer,matched,ok,ok
Chat2DB 3.4.1,PUT,/api/rdb/dml/execute_ddl,databaseName,body,String,string,body,string,matched,ok,ok
Chat2DB 3.4.1,PUT,/api/rdb/dml/execute_ddl,pageNo,body,Integer,integer,body,integer,matched,ok,ok
Chat2DB 3.4.1,PUT,/api/rdb/dml/execute_ddl,pageSize,body,Integer,integer,body,integer,matched,ok,ok
Chat2DB 3.4.1,PUT,/api/rdb/dml/execute_ddl,pageSizeAll,body,Boolean,boolean,body,boolean,matched,ok,ok
Chat2DB 3.4.1,PUT,/api/rdb/dml/execute_ddl,refresh,body,boolean,boolean,body,boolean,matched,ok,ok
Chat2DB 3.4.1,PUT,/api/rdb/dml/execute_ddl,schemaName,body,String,string,body,string,matched,ok,ok
Chat2DB 3.4.1,PUT,/api/rdb/dml/execute_ddl,sql,body,String,string,body,string,matched,ok,ok
Chat2DB 3.4.1,DELETE,/api/admin/team/{id},id,path,Long,integer,path,integer,matched,ok,ok
Chat2DB 3.4.1,GET,/api/rdb/database/export_data_status/{taskId},taskId,path,Long,integer,path,integer,matched,ok,ok
Chat2DB 3.4.1,DELETE,/api/connection/datasource/{id},id,path,Long,integer,path,integer,matched,ok,ok
Chat2DB 3.4.1,DELETE,/api/dashboard/{id},id,path,Long,integer,path,integer,matched,ok,ok
Chat2DB 3.4.1,GET,/api/rdb/ddl/list,dataSourceId,query,Long,integer,query,integer,matched,ok,ok
Chat2DB 3.4.1,GET,/api/rdb/ddl/list,databaseName,query,String,string,query,string,matched,ok,ok
Chat2DB 3.4.1,GET,/api/rdb/ddl/list,pageNo,query,Integer,integer,query,integer,matched,ok,ok
Chat2DB 3.4.1,GET,/api/rdb/ddl/list,pageSize,query,Integer,integer,query,integer,matched,ok,ok
Chat2DB 3.4.1,GET,/api/rdb/ddl/list,refresh,query,boolean,boolean,query,boolean,matched,ok,ok
Chat2DB 3.4.1,GET,/api/rdb/ddl/list,schemaName,query,String,string,query,string,matched,ok,ok
Chat2DB 3.4.1,GET,/api/rdb/ddl/list,searchKey,query,String,string,query,string,matched,ok,ok
Chat2DB 3.4.1,POST,/api/converter/datagrip/upload,text,query,String,string,query,string,matched,ok,ok
Chat2DB 3.4.1,GET,/api/operation/saved/list,dataSourceId,query,Long,integer,query,integer,matched,ok,ok
Chat2DB 3.4.1,GET,/api/operation/saved/list,databaseName,query,String,string,query,string,matched,ok,ok
Chat2DB 3.4.1,GET,/api/operation/saved/list,operationType,query,String,string,query,string,matched,ok,ok
Chat2DB 3.4.1,GET,/api/operation/saved/list,orderByCreateDesc,query,Boolean,boolean,query,boolean,matched,ok,ok
Chat2DB 3.4.1,GET,/api/operation/saved/list,orderByDesc,query,Boolean,boolean,query,boolean,matched,ok,ok
Chat2DB 3.4.1,GET,/api/operation/saved/list,pageNo,query,Integer,integer,query,integer,matched,ok,ok
Chat2DB 3.4.1,GET,/api/operation/saved/list,pageSize,query,Integer,integer,query,integer,matched,ok,ok
Chat2DB 3.4.1,GET,/api/operation/saved/list,searchKey,query,String,string,query,string,matched,ok,ok
Chat2DB 3.4.1,GET,/api/operation/saved/list,status,query,String,string,query,string,matched,ok,ok
Chat2DB 3.4.1,GET,/api/operation/saved/list,tabOpened,query,String,string,query,string,matched,ok,ok
Chat2DB 3.4.1,GET,/api/rdb/table/index_list,dataSourceId,query,Long,integer,query,integer,matched,ok,ok
Chat2DB 3.4.1,GET,/api/rdb/table/index_list,databaseName,query,String,string,query,string,matched,ok,ok
Chat2DB 3.4.1,GET,/api/rdb/table/index_list,refresh,query,boolean,boolean,query,boolean,matched,ok,ok
Chat2DB 3.4.1,GET,/api/rdb/table/index_list,schemaName,query,String,string,query,string,matched,ok,ok
Chat2DB 3.4.1,GET,/api/rdb/table/index_list,tableName,query,String,string,query,string,matched,ok,ok
Chat2DB 3.4.1,GET,/api/connection/datasource/connect,id,query,Long,integer,query,integer,matched,ok,ok
Chat2DB 3.4.1,GET,/api/rdb/table/query,dataSourceId,query,Long,integer,query,integer,matched,ok,ok
Chat2DB 3.4.1,GET,/api/rdb/table/query,databaseName,query,String,string,query,string,matched,ok,ok
Chat2DB 3.4.1,GET,/api/rdb/table/query,refresh,query,boolean,boolean,query,boolean,matched,ok,ok
Chat2DB 3.4.1,GET,/api/rdb/table/query,schemaName,query,String,string,query,string,matched,ok,ok
Chat2DB 3.4.1,GET,/api/rdb/table/query,tableName,query,String,string,query,string,matched,ok,ok
Chat2DB 3.4.1,GET,/api/redis/key/list,dataSourceId,query,Long,integer,query,integer,matched,ok,ok
Chat2DB 3.4.1,GET,/api/redis/key/list,databaseName,query,String,string,query,string,matched,ok,ok
Chat2DB 3.4.1,GET,/api/redis/key/list,keyName,query,String,string,query,string,matched,ok,ok
Chat2DB 3.4.1,GET,/api/redis/key/list,refresh,query,boolean,boolean,query,boolean,matched,ok,ok
Chat2DB 3.4.1,GET,/api/redis/key/list,schemaName,query,String,string,query,string,matched,ok,ok
Chat2DB 3.4.1,GET,/api/redis/key/list,searchKey,query,String,string,query,string,matched,ok,ok
Chat2DB 3.4.1,GET,/api/rdb/ddl/index_list,dataSourceId,query,Long,integer,query,integer,matched,ok,ok
Chat2DB 3.4.1,GET,/api/rdb/ddl/index_list,databaseName,query,String,string,query,string,matched,ok,ok
Chat2DB 3.4.1,GET,/api/rdb/ddl/index_list,refresh,query,boolean,boolean,query,boolean,matched,ok,ok
Chat2DB 3.4.1,GET,/api/rdb/ddl/index_list,schemaName,query,String,string,query,string,matched,ok,ok
Chat2DB 3.4.1,GET,/api/rdb/ddl/index_list,tableName,query,String,string,query,string,matched,ok,ok
Chat2DB 3.4.1,GET,/api/rdb/table/table_list,dataSourceId,query,Long,integer,query,integer,matched,ok,ok
Chat2DB 3.4.1,GET,/api/rdb/table/table_list,databaseName,query,String,string,query,string,matched,ok,ok
Chat2DB 3.4.1,GET,/api/rdb/table/table_list,pageNo,query,Integer,integer,query,integer,matched,ok,ok
Chat2DB 3.4.1,GET,/api/rdb/table/table_list,pageSize,query,Integer,integer,query,integer,matched,ok,ok
Chat2DB 3.4.1,GET,/api/rdb/table/table_list,refresh,query,boolean,boolean,query,boolean,matched,ok,ok
Chat2DB 3.4.1,GET,/api/rdb/table/table_list,schemaName,query,String,string,query,string,matched,ok,ok
Chat2DB 3.4.1,GET,/api/rdb/table/table_list,searchKey,query,String,string,query,string,matched,ok,ok
Chat2DB 3.4.1,GET,/api/rdb/view/list,dataSourceId,query,Long,integer,query,integer,matched,ok,ok
Chat2DB 3.4.1,GET,/api/rdb/view/list,databaseName,query,String,string,query,string,matched,ok,ok
Chat2DB 3.4.1,GET,/api/rdb/view/list,pageNo,query,Integer,integer,query,integer,matched,ok,ok
Chat2DB 3.4.1,GET,/api/rdb/view/list,pageSize,query,Integer,integer,query,integer,matched,ok,ok
Chat2DB 3.4.1,GET,/api/rdb/view/list,refresh,query,boolean,boolean,query,boolean,matched,ok,ok
Chat2DB 3.4.1,GET,/api/rdb/view/list,schemaName,query,String,string,query,string,matched,ok,ok
Chat2DB 3.4.1,GET,/api/rdb/view/list,searchKey,query,String,string,query,string,matched,ok,ok
Chat2DB 3.4.1,GET,/api/admin/common/user/list,searchKey,query,String,string,query,string,matched,ok,ok
Chat2DB 3.4.1,GET,/api/rdb/table/create/example,dbType,query,String,string,query,string,matched,ok,ok
Chat2DB 3.4.1,GET,/api/rdb/function/detail,dataSourceId,query,Long,integer,query,integer,matched,ok,ok
Chat2DB 3.4.1,GET,/api/rdb/function/detail,databaseName,query,String,string,query,string,matched,ok,ok
Chat2DB 3.4.1,GET,/api/rdb/function/detail,functionName,query,String,string,query,string,matched,ok,ok
Chat2DB 3.4.1,GET,/api/rdb/function/detail,refresh,query,boolean,boolean,query,boolean,matched,ok,ok
Chat2DB 3.4.1,GET,/api/rdb/function/detail,schemaName,query,String,string,query,string,matched,ok,ok
Chat2DB 3.4.1,GET,/api/ai/config/getLoginStatus,token,query,String,string,query,string,matched,ok,ok
Halo 1.6.1,POST,/api/admin/links,description,body,String,string,body,string,matched,ok,ok
Halo 1.6.1,POST,/api/admin/links,id,body,Integer,integer,body,integer,matched,ok,ok
Halo 1.6.1,POST,/api/admin/links,logo,body,String,string,body,string,matched,ok,ok
Halo 1.6.1,POST,/api/admin/links,name,body,String,string,body,string,matched,ok,ok
Halo 1.6.1,POST,/api/admin/links,priority,body,Integer,integer,body,integer,matched,ok,ok
Halo 1.6.1,POST,/api/admin/links,team,body,String,string,body,string,matched,ok,ok
Halo 1.6.1,POST,/api/admin/links,url,body,String,string,body,string,matched,ok,ok
Halo 1.6.1,PUT,/api/admin/photos/{photoId},description,body,String,string,body,string,matched,ok,ok
Halo 1.6.1,PUT,/api/admin/photos/{photoId},id,body,Integer,integer,body,integer,matched,ok,ok
Halo 1.6.1,PUT,/api/admin/photos/{photoId},location,body,String,string,body,string,matched,ok,ok
Halo 1.6.1,PUT,/api/admin/photos/{photoId},name,body,String,string,body,string,matched,ok,ok
Halo 1.6.1,PUT,/api/admin/photos/{photoId},photoId,path,Integer,integer,path,integer,matched,ok,ok
Halo 1.6.1,PUT,/api/admin/photos/{photoId},takeTime,body,Date,date,body,date,matched,ok,ok
Halo 1.6.1,PUT,/api/admin/photos/{photoId},team,body,String,string,body,string,matched,ok,ok
Halo 1.6.1,PUT,/api/admin/photos/{photoId},thumbnail,body,String,string,body,string,matched,ok,ok
Halo 1.6.1,PUT,/api/admin/photos/{photoId},url,body,String,string,body,string,matched,ok,ok
Halo 1.6.1,POST,/api/admin/sheets,autoSave,query,Boolean,boolean,query,boolean,matched,ok,ok
Halo 1.6.1,POST,/api/admin/sheets,content,body,String,string,body,string,matched,ok,ok
Halo 1.6.1,POST,/api/admin/sheets,createTime,body,Date,date,body,date,matched,ok,ok
Halo 1.6.1,POST,/api/admin/sheets,disallowComment,body,Boolean,boolean,body,boolean,matched,ok,ok
Halo 1.6.1,POST,/api/admin/sheets,editorType,body,PostEditorType,string,body,string,matched,ok,ok
Halo 1.6.1,POST,/api/admin/sheets,keepRaw,body,Boolean,boolean,body,boolean,matched,ok,ok
Halo 1.6.1,POST,/api/admin/sheets,metaDescription,body,String,string,body,string,matched,ok,ok
Halo 1.6.1,POST,/api/admin/sheets,metaKeywords,body,String,string,body,string,matched,ok,ok
Halo 1.6.1,POST,/api/admin/sheets,metas,body,Set<SheetMetaParam>,array,body,array,matched,ok,ok
Halo 1.6.1,POST,/api/admin/sheets,originalContent,body,String,string,body,string,matched,ok,ok
Halo 1.6.1,POST,/api/admin/sheets,password,body,String,string,body,string,matched,ok,ok
Halo 1.6.1,POST,/api/admin/sheets,slug,body,String,string,body,string,matched,ok,ok
Halo 1.6.1,POST,/api/admin/sheets,status,body,PostStatus,string,body,string,matched,ok,ok
Halo 1.6.1,POST,/api/admin/sheets,summary,body,String,string,body,string,matched,ok,ok
Halo 1.6.1,POST,/api/admin/sheets,template,body,String,string,body,string,matched,ok,ok
Halo 1.6.1,POST,/api/admin/sheets,thumbnail,body,String,string,body,string,matched,ok,ok
Halo 1.6.1,POST,/api/admin/sheets,title,body,String,string,body,string,matched,ok,ok
Halo 1.6.1,POST,/api/admin/sheets,topPriority,body,Integer,integer,body,integer,matched,ok,ok
Halo 1.6.1,PUT,/api/admin/statics/files,content,body,String,string,body,string,matched,ok,ok
Halo 1.6.1,PUT,/api/admin/statics/files,path,body,String,string,body,string,matched,ok,ok
Halo 1.6.1,POST,/api/admin/attachments/uploads,files,body,MultipartFile[],array,body,array,matched,ok,ok
Halo 1.6.1,POST,/api/admin/options,key,body,String,string,body,string,matched,ok,ok
Halo 1.6.1,POST,/api/admin/options,type,body,OptionType,string,body,string,matched,ok,ok
Halo 1.6.1,POST,/api/admin/options,value,body,String,string,body,string,matched,ok,ok
Halo 1.6.1,POST,/api/content/posts/comments,allowNotification,body,Boolean,boolean,body,boolean,matched,ok,ok
Halo 1.6.1,POST,/api/content/posts/comments,author,body,String,string,body,string,matched,ok,ok
Halo 1.6.1,POST,/api/content/posts/comments,authorUrl,body,String,string,body,string,matched,ok,ok
Halo 1.6.1,POST,/api/content/posts/comments,content,body,String,string,body,string,matched,ok,ok
Halo 1.6.1,POST,/api/content/posts/comments,email,body,String,string,body,string,matched,ok,ok
Halo 1.6.1,POST,/api/content/posts/comments,parentId,body,Long,integer,body,integer,matched,ok,ok
Halo 1.6.1,POST,/api/content/posts/comments,postId,body,Integer,integer,body,integer,matched,ok,ok
Halo 1.6.1,POST,/api/admin/mails/test,content,body,String,string,body,string,matched,ok,ok
Halo 1.6.1,POST,/api/admin/mails/test,subject,body,String,string,body,string,matched,ok,ok
Halo 1.6.1,POST,/api/admin/mails/test,to,body,String,string,body,string,matched,ok,ok
Halo 1.6.1,POST,/api/admin/login,authcode,body,String,string,body,string,matched,ok,ok
Halo 1.6.1,POST,/api/admin/login,password,body,String,string,body,string,matched,ok,ok
Halo 1.6.1,POST,/api/admin/login,username,body,String,string,body,string,matched,ok,ok
Halo 1.6.1,PUT,/api/admin/posts/comments/status/{status},ids,body,List<Long>,array,body,array,matched,ok,ok
Halo 1.6.1,PUT,/api/admin/posts/comments/status/{status},status,path,CommentStatus,string,path,string,matched,ok,ok
Halo 1.6.1,DELETE,/api/admin/categories/{categoryId},categoryId,path,Integer,integer,path,integer,matched,ok,ok
Halo 1.6.1,GET,/api/admin/themes/{themeId}/settings,themeId,path,String,string,path,string,matched,ok,ok
Halo 1.6.1,GET,/api/admin/backups/markdown/export/{fileName},fileName,path,String,string,path,string,matched,ok,ok
Halo 1.6.1,PUT,/api/admin/sheets/{sheetId}/{status},sheetId,path,Integer,integer,path,integer,matched,ok,ok
Halo 1.6.1,PUT,/api/admin/sheets/{sheetId}/{status},status,path,PostStatus,string,path,string,matched,ok,ok
Halo 1.6.1,GET,/api/admin/attachments/{id},id,path,Integer,integer,path,integer,matched,ok,ok
Halo 1.6.1,GET,/api/content/posts/{postId}/next,postId,path,Integer,integer,path,integer,matched,ok,ok
Halo 1.6.1,POST,/api/admin/themes/{themeId}/activation,themeId,path,String,string,path,string,matched,ok,ok
Halo 1.6.1,GET,/api/content/themes/{themeId},themeId,path,String,string,path,string,matched,ok,ok
Halo 1.6.1,GET,/api/admin/sheets/comments/{commentId},commentId,path,Long,integer,path,integer,matched,ok,ok
Halo 1.6.1,GET,/api/content/links/team_view,sort,query,String,string,query,string,matched,ok,ok
Halo 1.6.1,GET,/,p,query,Integer,integer,query,integer,matched,ok,ok
Halo 1.6.1,GET,/,token,query,String,string,query,string,matched,ok,ok
Halo 1.6.1,GET,/api/content/categories/{slug}/posts,page,query,Integer,integer,query,integer,matched,ok,ok
Halo 1.6.1,GET,/api/content/categories/{slug}/posts,password,query,String,string,query,string,matched,ok,ok
Halo 1.6.1,GET,/api/content/categories/{slug}/posts,size,query,Integer,integer,query,integer,matched,ok,ok
Halo 1.6.1,GET,/api/content/categories/{slug}/posts,slug,path,String,string,path,string,matched,ok,ok
Halo 1.6.1,GET,/api/content/categories/{slug}/posts,sort,query,String,string,query,string,matched,ok,ok
Halo 1.6.1,GET,/api/content/menus/tree_view,sort,query,String,string,query,string,matched,ok,ok
Halo 1.6.1,GET,/api/admin/journals/latest,top,query,int,integer,query,integer,matched,ok,ok
Halo 1.6.1,GET,/api/admin/themes/{themeId}/files/content,path,query,String,string,query,string,matched,ok,ok
Halo 1.6.1,GET,/api/admin/themes/{themeId}/files/content,themeId,path,String,string,path,string,matched,ok,ok
Halo 1.6.1,GET,/{year}/{month}/{slug},month,path,Integer,integer,path,integer,matched,ok,ok
Halo 1.6.1,GET,/{year}/{month}/{slug},slug,path,String,string,path,string,matched,ok,ok
Halo 1.6.1,GET,/{year}/{month}/{slug},token,query,String,string,query,string,matched,ok,ok
Halo 1.6.1,GET,/{year}/{month}/{slug},year,path,Integer,integer,path,integer,matched,ok,ok
Halo 1.6.1,GET,/api/admin/backups/work-dir/fetch,filename,query,String,string,query,string,matched,ok,ok
Halo 1.6.1,GET,/api/admin/attachments,attachmentType,query,AttachmentType,string,query,string,matched,ok,ok
Halo 1.6.1,GET,/api/admin/attachments,keyword,query,String,string,query,string,matched,ok,ok
Halo 1.6.1,GET,/api/admin/attachments,mediaType,query,String,string,query,string,matched,ok,ok
Halo 1.6.1,GET,/api/admin/attachments,page,query,Integer,integer,query,integer,matched,ok,ok
Halo 1.6.1,GET,/api/admin/attachments,size,query,Integer,integer,query,integer,matched,ok,ok
Halo 1.6.1,GET,/api/admin/attachments,sort,query,String,string,query,string,matched,ok,ok
Halo 1.6.1,GET,/api/content/journals/{journalId}/comments/list_view,journalId,path,Integer,integer,path,integer,matched,ok,ok
Halo 1.6.1,GET,/api/content/journals/{journalId}/comments/list_view,page,query,int,integer,query,integer,matched,ok,ok
Halo 1.6.1,GET,/api/content/journals/{journalId}/comments/list_view,sort,query,String,string,query,string,matched,ok,ok
Halo 1.6.1,GET,/api/admin/backups/data/fetch,filename,query,String,string,query,string,matched,ok,ok
Halo 1.6.1,GET,/api/admin/sheets/comments/{sheetId}/list_view,page,query,int,integer,query,integer,matched,ok,ok
Halo 1.6.1,GET,/api/admin/sheets/comments/{sheetId}/list_view,sheetId,path,Integer,integer,path,integer,matched,ok,ok
Halo 1.6.1,GET,/api/admin/sheets/comments/{sheetId}/list_view,sort,query,String,string,query,string,matched,ok,ok
Halo 1.6.1,GET,/api/admin/menus/tree_view,sort,query,String,string,query,string,matched,ok,ok
novel-plus 5.2.0,POST,/novel/bookComment/save,auditStatus,body,Integer,integer,body,integer,matched,ok,ok
novel-plus 5.2.0,POST,/novel/bookComment/save,bookId,body,Long,integer,body,integer,matched,ok,ok
novel-plus 5.2.0,POST,/novel/bookComment/save,bookName,body,String,string,body,string,matched,ok,ok
novel-plus 5.2.0,POST,/novel/bookComment/save,commentContent,body,String,string,body,string,matched,ok,ok
novel-plus 5.2.0,POST,/novel/bookComment/save,createTime,body,Date,date,body,date,matched,ok,ok
novel-plus 5.2.0,POST,/novel/bookComment/save,createUserId,body,Long,integer,body,integer,matched,ok,ok
novel-plus 5.2.0,POST,/novel/bookComment/save,id,body,Long,integer,body,integer,matched,ok,ok
novel-plus 5.2.0,POST,/novel/bookComment/save,replyCount,body,Integer,integer,body,integer,matched,ok,ok
novel-plus 5.2.0,POST,/novel/bookComment/save,userName,body,String,string,body,string,matched,ok,ok
novel-plus 5.2.0,POST,/novel/bookSetting/save,bookId,body,Long,integer,body,integer,matched,ok,ok
novel-plus 5.2.0,POST,/novel/bookSetting/save,bookName,body,String,string,body,string,matched,ok,ok
novel-plus 5.2.0,POST,/novel/bookSetting/save,createTime,body,Date,date,body,date,matched,ok,ok
novel-plus 5.2.0,POST,/novel/bookSetting/save,createUserId,body,Long,integer,body,integer,matched,ok,ok
novel-plus 5.2.0,POST,/novel/bookSetting/save,id,body,Long,integer,body,integer,matched,ok,ok
novel-plus 5.2.0,POST,/novel/bookSetting/save,sort,body,Integer,integer,body,integer,matched,ok,ok
novel-plus 5.2.0,POST,/novel/bookSetting/save,type,body,Integer,integer,body,integer,matched,ok,ok
novel-plus 5.2.0,POST,/novel/bookSetting/save,updateTime,body,Date,date,body,date,matched,ok,ok
novel-plus 5.2.0,POST,/novel/bookSetting/save,updateUserId,body,Long,integer,body,integer,matched,ok,ok
novel-plus 5.2.0,POST,/sys/user/updatePeronal,birth,body,Date,date,body,date,matched,ok,ok
novel-plus 5.2.0,POST,/sys/user/updatePeronal,city,body,String,string,body,string,matched,ok,ok
novel-plus 5.2.0,POST,/sys/user/updatePeronal,dataPerms,body,"Map<String,List<DataPermDO>>",object,body,object,matched,ok,ok
novel-plus 5.2.0,POST,/sys/user/updatePeronal,deptId,body,Long,integer,body,integer,matched,ok,ok
novel-plus 5.2.0,POST,/sys/user/updatePeronal,deptName,body,String,string,body,string,matched,ok,ok
novel-plus 5.2.0,POST,/sys/user/updatePeronal,district,body,String,string,body,string,matched,ok,ok
novel-plus 5.2.0,POST,/sys/user/updatePeronal,email,body,String,string,body,string,matched,ok,ok
novel-plus 5.2.0,POST,/sys/user/updatePeronal,gmtCreate,body,Date,date,body,date,matched,ok,ok
novel-plus 5.2.0,POST,/sys/user/updatePeronal,gmtModified,body,Date,date,body,date,matched,ok,ok
novel-plus 5.2.0,POST,/sys/user/updatePeronal,hobby,body,String,string,body,string,matched,ok,ok
novel-plus 5.2.0,POST,/sys/user/updatePeronal,liveAddress,body,String,string,body,string,matched,ok,ok
novel-plus 5.2.0,POST,/sys/user/updatePeronal,mobile,body,String,string,body,string,matched,ok,ok
novel-plus 5.2.0,POST,/sys/user/updatePeronal,name,body,String,string,body,string,matched,ok,ok
novel-plus 5.2.0,POST,/sys/user/updatePeronal,password,body,String,string,body,string,matched,ok,ok
novel-plus 5.2.0,POST,/sys/user/updatePeronal,picId,body,Long,integer,body,integer,matched,ok,ok
novel-plus 5.2.0,POST,/sys/user/updatePeronal,province,body,String,string,body,string,matched,ok,ok
novel-plus 5.2.0,POST,/sys/user/updatePeronal,roleIds,body,List<Long>,array,body,array,matched,ok,ok
novel-plus 5.2.0,POST,/sys/user/updatePeronal,sex,body,Long,integer,body,integer,matched,ok,ok
novel-plus 5.2.0,POST,/sys/user/updatePeronal,status,body,Integer,integer,body,integer,matched,ok,ok
novel-plus 5.2.0,POST,/sys/user/updatePeronal,supDeptIds,body,String,string,body,string,matched,ok,ok
novel-plus 5.2.0,POST,/sys/user/updatePeronal,userId,body,Long,integer,body,integer,matched,ok,ok
novel-plus 5.2.0,POST,/sys/user/updatePeronal,userIdCreate,body,Long,integer,body,integer,matched,ok,ok
novel-plus 5.2.0,POST,/sys/user/updatePeronal,username,body,String,string,body,string,matched,ok,ok
novel-plus 5.2.0,POST,/crawl/addCrawlSingleTask,authorName,body,String,string,body,string,matched,ok,ok
novel-plus 5.2.0,POST,/crawl/addCrawlSingleTask,bookName,body,String,string,body,string,matched,ok,ok
novel-plus 5.2.0,POST,/crawl/addCrawlSingleTask,catId,body,Integer,integer,body,integer,matched,ok,ok
novel-plus 5.2.0,POST,/crawl/addCrawlSingleTask,crawlChapters,body,Integer,integer,body,integer,matched,ok,ok
novel-plus 5.2.0,POST,/crawl/addCrawlSingleTask,createTime,body,Date,date,body,date,matched,ok,ok
novel-plus 5.2.0,POST,/crawl/addCrawlSingleTask,excCount,body,Byte,integer,body,integer,matched,ok,ok
novel-plus 5.2.0,POST,/crawl/addCrawlSingleTask,id,body,Long,integer,body,integer,matched,ok,ok
novel-plus 5.2.0,POST,/crawl/addCrawlSingleTask,sourceBookId,body,String,string,body,string,matched,ok,ok
novel-plus 5.2.0,POST,/crawl/addCrawlSingleTask,sourceId,body,Integer,integer,body,integer,matched,ok,ok
novel-plus 5.2.0,POST,/crawl/addCrawlSingleTask,sourceName,body,String,string,body,string,matched,ok,ok
novel-plus 5.2.0,POST,/crawl/addCrawlSingleTask,taskStatus,body,Byte,integer,body,integer,matched,ok,ok
novel-plus 5.2.0,POST,/novel/friendLink/save,createTime,body,Date,date,body,date,matched,ok,ok
novel-plus 5.2.0,POST,/novel/friendLink/save,createUserId,body,Long,integer,body,integer,matched,ok,ok
novel-plus 5.2.0,POST,/novel/friendLink/save,id,body,Integer,integer,body,integer,matched,ok,ok
novel-plus 5.2.0,POST,/novel/friendLink/save,isOpen,body,Integer,integer,body,integer,matched,ok,ok
novel-plus 5.2.0,POST,/novel/friendLink/save,linkName,body,String,string,body,string,matched,ok,ok
novel-plus 5.2.0,POST,/novel/friendLink/save,linkUrl,body,String,string,body,string,matched,ok,ok
novel-plus 5.2.0,POST,/novel/friendLink/save,sort,body,Integer,integer,body,integer,matched,ok,ok
novel-plus 5.2.0,POST,/novel/friendLink/save,updateTime,body,Date,date,body,date,matched,ok,ok
novel-plus 5.2.0,POST,/novel/friendLink/save,updateUserId,body,Long,integer,body,integer,matched,ok,ok
novel-plus 5.2.0,GET,/novel/author/edit/{id},id,path,Long,integer,path,integer,matched,ok,ok
novel-plus 5.2.0,GET,/novel/authorCode/edit/{id},id,path,Long,integer,path,integer,matched,ok,ok
novel-plus 5.2.0,GET,/author/queryIndexContent/{indexId},indexId,path,Long,integer,path,integer,matched,ok,ok
novel-plus 5.2.0,GET,/system/sysDept/add/{pId},pId,path,Long,integer,path,integer,matched,ok,ok
novel-plus 5.2.0,GET,/common/dict/list/{type},type,path,String,string,path,string,matched,ok,ok
novel-plus 5.2.0,GET,/novel/bookContent/edit/{id},id,path,Long,integer,path,integer,matched,ok,ok
novel-plus 5.2.0,GET,/common/dict/edit/{id},id,path,Long,integer,path,integer,matched,ok,ok
novel-plus 5.2.0,DELETE,/user/removeFromBookShelf/{bookId},bookId,path,Long,integer,path,integer,matched,ok,ok
novel-plus 5.2.0,GET,/book/queryBookIndexAbout,bookId,query,Long,integer,query,integer,matched,ok,ok
novel-plus 5.2.0,GET,/book/queryBookIndexAbout,lastBookIndexId,query,Long,integer,query,integer,matched,ok,ok
novel-plus 5.2.0,POST,/system/sysDept/batchRemove,ids[],query,Long[],array,query,array,matched,ok,ok
novel-plus 5.2.0,GET,/system/sysDept/update,delFlag,query,Integer,integer,query,integer,matched,ok,ok
novel-plus 5.2.0,GET,/system/sysDept/update,deptId,query,Long,integer,query,integer,matched,ok,ok
novel-plus 5.2.0,GET,/system/sysDept/update,name,query,String,string,query,string,matched,ok,ok
novel-plus 5.2.0,GET,/system/sysDept/update,orderNum,query,Integer,integer,query,integer,matched,ok,ok
novel-plus 5.2.0,GET,/system/sysDept/update,parentId,query,Long,integer,query,integer,matched,ok,ok
novel-plus 5.2.0,GET,/common/generator/batchDownload,tables,query,String,string,query,string,matched,ok,ok
novel-plus 5.2.0,POST,/novel/friendLink/remove,id,query,Integer,integer,query,integer,matched,ok,ok
novel-plus 5.2.0,POST,/novel/bookIndex/batchRemove,ids[],query,Long[],array,query,array,matched,ok,ok
novel-plus 5.2.0,GET,/book/listCommentReplyByPage,commentId,query,Long,integer,query,integer,matched,ok,ok
novel-plus 5.2.0,GET,/book/listCommentReplyByPage,curr,query,int,integer,query,integer,matched,ok,ok
novel-plus 5.2.0,GET,/book/listCommentReplyByPage,limit,query,int,integer,query,integer,matched,ok,ok
novel-plus 5.2.0,GET,/novel/authorCode/list,createTime,query,,,query,string,matched,not_compared,ok
novel-plus 5.2.0,GET,/novel/authorCode/list,createUserId,query,,,query,string,matched,not_compared,ok
novel-plus 5.2.0,GET,/novel/authorCode/list,id,query,,,query,string,matched,not_compared,ok
novel-plus 5.2.0,GET,/novel/authorCode/list,inviteCode,query,,,query,string,matched,not_compared,ok
novel-plus 5.2.0,GET,/novel/authorCode/list,isUse,query,,,query,string,matched,not_compared,ok
novel-plus 5.2.0,GET,/novel/authorCode/list,limit,query,,,query,integer,matched,not_compared,ok
novel-plus 5.2.0,GET,/novel/authorCode/list,offset,query,,,query,integer,matched,not_compared,ok
novel-plus 5.2.0,GET,/novel/authorCode/list,order,query,,,query,string,matched,not_compared,ok
novel-plus 5.2.0,GET,/novel/authorCode/list,sort,query,,,query,string,matched,not_compared,ok
novel-plus 5.2.0,GET,/novel/authorCode/list,validityTime,query,,,query,string,matched,not_compared,ok
novel-plus 5.2.0,GET,/novel/bookSetting/update,bookId,query,Long,integer,query,integer,matched,ok,ok
novel-plus 5.2.0,GET,/novel/bookSetting/update,bookName,query,String,string,query,string,matched,ok,ok
novel-plus 5.2.0,GET,/novel/bookSetting/update,createTime,query,Date,date,query,date,matched,ok,ok
novel-plus 5.2.0,GET,/novel/bookSetting/update,createUserId,query,Long,integer,query,integer,matched,ok,ok
novel-plus 5.2.0,GET,/novel/bookSetting/update,id,query,Long,integer,query,integer,matched,ok,ok
novel-plus 5.2.0,GET,/novel/bookSetting/update,sort,query,Integer,integer,query,integer,matched,ok,ok
novel-plus 5.2.0,GET,/novel/bookSetting/update,type,query,Integer,integer,query,integer,matched,ok,ok
novel-plus 5.2.0,GET,/novel/bookSetting/update,updateTime,query,Date,date,query,date,matched,ok,ok
novel-plus 5.2.0,GET,/novel/bookSetting/update,updateUserId,query,Long,integer,query,integer,matched,ok,ok
novel-plus 5.2.0,GET,/system/dataPerm/update,crlAttrName,query,String,string,query,string,matched,ok,ok
novel-plus 5.2.0,GET,/system/dataPerm/update,crlColumnName,query,String,string,query,string,matched,ok,ok
novel-plus 5.2.0,GET,/system/dataPerm/update,gmtCreate,query,Date,date,query,date,matched,ok,ok
novel-plus 5.2.0,GET,/system/dataPerm/update,gmtModified,query,Date,date,query,date,matched,ok,ok
novel-plus 5.2.0,GET,/system/dataPerm/update,id,query,Long,integer,query,integer,matched,ok,ok
novel-plus 5.2.0,GET,/system/dataPerm/update,moduleName,query,String,string,query,string,matched,ok,ok
novel-plus 5.2.0,GET,/system/dataPerm/update,name,query,String,string,query,string,matched,ok,ok
novel-plus 5.2.0,GET,/system/dataPerm/update,orderNum,query,Integer,integer,query,integer,matched,ok,ok
novel-plus 5.2.0,GET,/system/dataPerm/update,permCode,query,String,string,query,string,matched,ok,ok
novel-plus 5.2.0,GET,/system/dataPerm/update,tableName,query,String,string,query,string,matched,ok,ok
novel-plus 5.2.0,GET,/novel/bookComment/update,auditStatus,query,Integer,integer,query,integer,matched,ok,ok
novel-plus 5.2.0,GET,/novel/bookComment/update,bookId,query,Long,integer,query,integer,matched,ok,ok
novel-plus 5.2.0,GET,/novel/bookComment/update,bookName,query,String,string,query,string,matched,ok,ok
novel-plus 5.2.0,GET,/novel/bookComment/update,commentContent,query,String,string,query,string,matched,ok,ok
novel-plus 5.2.0,GET,/novel/bookComment/update,createTime,query,Date,date,query,date,matched,ok,ok
novel-plus 5.2.0,GET,/novel/bookComment/update,createUserId,query,Long,integer,query,integer,matched,ok,ok
novel-plus 5.2.0,GET,/novel/bookComment/update,id,query,Long,integer,query,integer,matched,ok,ok
novel-plus 5.2.0,GET,/novel/bookComment/update,replyCount,query,Integer,integer,query,integer,matched,ok,ok
novel-plus 5.2.0,GET,/novel/bookComment/update,userName,query,String,string,query,string,matched,ok,ok
novel-plus 5.2.0,GET,/novel/bookComment/list,auditStatus,query,,,query,string,matched,not_compared,ok
novel-plus 5.2.0,GET,/novel/bookComment/list,bookId,query,,,query,string,matched,not_compared,ok
novel-plus 5.2.0,GET,/novel/bookComment/list,commentContent,query,,,query,string,matched,not_compared,ok
novel-plus 5.2.0,GET,/novel/bookComment/list,createTime,query,,,query,string,matched,not_compared,ok
novel-plus 5.2.0,GET,/novel/bookComment/list,createUserId,query,,,query,string,matched,not_compared,ok
novel-plus 5.2.0,GET,/novel/bookComment/list,id,query,,,query,string,matched,not_compared,ok
novel-plus 5.2.0,GET,/novel/bookComment/list,limit,query,,,query,integer,matched,not_compared,ok
novel-plus 5.2.0,GET,/novel/bookComment/list,offset,query,,,query,integer,matched,not_compared,ok
novel-plus 5.2.0,GET,/novel/bookComment/list,order,query,,,query,string,matched,not_compared,ok
novel-plus 5.2.0,GET,/novel/bookComment/list,replyCount,query,,,query,string,matched,not_compared,ok
novel-plus 5.2.0,GET,/novel/bookComment/list,sort,query,,,query,string,matched,not_compared,ok
novel-plus 5.2.0,GET,/novel/book/update,authorId,query,Long,integer,query,integer,matched,ok,ok
novel-plus 5.2.0,GET,/novel/book/update,authorName,query,String,string,query,string,matched,ok,ok
novel-plus 5.2.0,GET,/novel/book/update,bookDesc,query,String,string,query,string,matched,ok,ok
novel-plus 5.2.0,GET,/novel/book/update,bookName,query,String,string,query,string,matched,ok,ok
novel-plus 5.2.0,GET,/novel/book/update,bookStatus,query,Integer,integer,query,integer,matched,ok,ok
novel-plus 5.2.0,GET,/novel/book/update,catId,query,Integer,integer,query,integer,matched,ok,ok
novel-plus 5.2.0,GET,/novel/book/update,catName,query,String,string,query,string,matched,ok,ok
novel-plus 5.2.0,GET,/novel/book/update,commentCount,query,Integer,integer,query,integer,matched,ok,ok
novel-plus 5.2.0,GET,/novel/book/update,crawlBookId,query,String,string,query,string,matched,ok,ok
novel-plus 5.2.0,GET,/novel/book/update,crawlIsStop,query,Integer,integer,query,integer,matched,ok,ok
novel-plus 5.2.0,GET,/novel/book/update,crawlLastTime,query,Date,date,query,date,matched,ok,ok
novel-plus 5.2.0,GET,/novel/book/update,crawlSourceId,query,Integer,integer,query,integer,matched,ok,ok
novel-plus 5.2.0,GET,/novel/book/update,createTime,query,Date,date,query,date,matched,ok,ok
novel-plus 5.2.0,GET,/novel/book/update,id,query,Long,integer,query,integer,matched,ok,ok
novel-plus 5.2.0,GET,/novel/book/update,isVip,query,Integer,integer,query,integer,matched,ok,ok
novel-plus 5.2.0,GET,/novel/book/update,lastIndexId,query,Long,integer,query,integer,matched,ok,ok
novel-plus 5.2.0,GET,/novel/book/update,lastIndexName,query,String,string,query,string,matched,ok,ok
novel-plus 5.2.0,GET,/novel/book/update,lastIndexUpdateTime,query,Date,date,query,date,matched,ok,ok
novel-plus 5.2.0,GET,/novel/book/update,picUrl,query,String,string,query,string,matched,ok,ok
novel-plus 5.2.0,GET,/novel/book/update,score,query,Float,number,query,number,matched,ok,ok
novel-plus 5.2.0,GET,/novel/book/update,status,query,Integer,integer,query,integer,matched,ok,ok
novel-plus 5.2.0,GET,/novel/book/update,updateTime,query,Date,date,query,date,matched,ok,ok
novel-plus 5.2.0,GET,/novel/book/update,visitCount,query,Long,integer,query,integer,matched,ok,ok
novel-plus 5.2.0,GET,/novel/book/update,wordCount,query,Integer,integer,query,integer,matched,ok,ok
novel-plus 5.2.0,GET,/novel/book/update,workDirection,query,Integer,integer,query,integer,matched,ok,ok
novel-plus 5.2.0,GET,/novel/book/update,yesterdayBuy,query,Integer,integer,query,integer,matched,ok,ok
novel-plus 5.2.0,GET,/common/generator/genColumns,tableName,query,String,string,query,string,matched,ok,ok
novel-plus 5.2.0,POST,/common/dict/remove,id,query,Long,integer,query,integer,matched,ok,ok
novel-plus 5.2.0,POST,/system/roleDataPerm/remove,id,query,Long,integer,query,integer,matched,ok,ok
novel-plus 5.2.0,POST,/author/ai/continue,length,query,Integer,integer,query,integer,matched,ok,ok
novel-plus 5.2.0,POST,/author/ai/continue,text,query,String,string,query,string,matched,ok,ok
