application,n_sampled,correct_ruleA,denominator_ruleA,accuracy_ruleA,ci95_low,ci95_high,correct_ruleC,denominator_ruleC,accuracy_ruleC,decidable_yes_correct,decidable_yes_total,decidable_no_correct,decidable_no_total,truth_dependency,truth_parameter,truth_both,truth_neither
Appwrite,1,1,1,1.0,0.2065,1.0,1,1,1.0,1,1,0,0,1,0,0,0
Chat2DB,18,9,18,0.5,0.2903,0.7097,9,18,0.5,5,8,4,10,8,0,0,10
GitLab,19,15,19,0.7895,0.5667,0.9149,15,19,0.7895,15,16,0,3,16,1,0,2
Gitea,12,8,12,0.6667,0.3906,0.8619,8,12,0.6667,8,9,0,3,8,0,0,4
Halo,10,6,10,0.6,0.3127,0.8318,5,9,0.5556,5,7,0,2,3,3,1,3
Jellyfin,23,11,23,0.4783,0.2924,0.6704,9,20,0.45,4,6,5,14,8,5,3,7
Microcks,1,0,1,0.0,0.0,0.7935,0,1,0.0,0,0,0,1,0,1,0,0
Novel-Plus,16,12,16,0.75,0.505,0.8982,12,16,0.75,2,3,10,13,10,1,0,5
ALL,100,62,100,0.62,0.5221,0.709,59,96,0.6146,40,50,19,46,54,11,4,31
