application,vuln_type,functionality,population_selected,population_notselected,sampled_selected,sampled_notselected,tp,fp,fn,tn,unclear,precision,recall
Appwrite,COMMAND_INJECTION,COMMAND_EXEC,8,87,8,10,3,5,0,10,0,0.375,1.0
Appwrite,PATH_TRAVERSAL,FILE_PATH,3,92,3,10,0,3,0,10,0,0.0,
Appwrite,SQLi,DB_QUERY,9,86,9,10,0,9,0,10,0,0.0,
Appwrite,SSRF,NET_REQUEST,5,90,5,10,2,3,0,10,0,0.4,1.0
Appwrite,UNRESTRICTED_UPLOAD,FILE_UPLOAD,0,95,0,10,0,0,0,10,0,,
Appwrite,XSS,RENDERED_TEXT,18,77,10,10,4,6,0,10,0,0.4,1.0
Casdoor,COMMAND_INJECTION,COMMAND_EXEC,11,57,10,10,0,10,0,10,0,0.0,
Casdoor,PATH_TRAVERSAL,FILE_PATH,6,62,6,10,2,4,0,10,0,0.3333,1.0
Casdoor,SQLi,DB_QUERY,35,33,10,10,1,9,3,7,0,0.1,0.25
Casdoor,SSRF,NET_REQUEST,36,32,10,10,1,9,0,10,0,0.1,1.0
Casdoor,UNRESTRICTED_UPLOAD,FILE_UPLOAD,0,68,0,10,0,0,0,10,0,,
Casdoor,XSS,RENDERED_TEXT,34,34,10,10,6,4,1,9,0,0.6,0.8571
Chat2DB,COMMAND_INJECTION,COMMAND_EXEC,22,178,10,10,0,10,0,10,0,0.0,
Chat2DB,PATH_TRAVERSAL,FILE_PATH,11,189,10,10,5,5,1,9,0,0.5,0.8333
Chat2DB,SQLi,DB_QUERY,99,101,10,10,5,5,0,10,0,0.5,1.0
Chat2DB,SSRF,NET_REQUEST,15,185,10,10,6,4,0,10,0,0.6,1.0
Chat2DB,UNRESTRICTED_UPLOAD,FILE_UPLOAD,3,197,3,10,2,1,0,10,0,0.6667,1.0
Chat2DB,XSS,RENDERED_TEXT,115,85,10,10,2,8,0,10,0,0.2,1.0
GitLab,COMMAND_INJECTION,COMMAND_EXEC,47,311,10,10,1,9,0,10,0,0.1,1.0
GitLab,PATH_TRAVERSAL,FILE_PATH,20,338,10,10,2,8,0,10,0,0.2,1.0
GitLab,SQLi,DB_QUERY,20,338,10,10,0,10,0,10,0,0.0,
GitLab,SSRF,NET_REQUEST,38,320,10,10,4,6,0,10,0,0.4,1.0
GitLab,UNRESTRICTED_UPLOAD,FILE_UPLOAD,0,358,0,10,0,0,0,10,0,,
GitLab,XSS,RENDERED_TEXT,73,285,10,10,7,3,0,10,0,0.7,1.0
Gitea,COMMAND_INJECTION,COMMAND_EXEC,23,268,10,10,3,7,1,9,0,0.3,0.75
Gitea,PATH_TRAVERSAL,FILE_PATH,9,282,9,10,0,9,1,9,0,0.0,0.0
Gitea,SQLi,DB_QUERY,10,281,10,10,0,10,0,10,0,0.0,
Gitea,SSRF,NET_REQUEST,18,273,10,10,3,7,0,10,0,0.3,1.0
Gitea,UNRESTRICTED_UPLOAD,FILE_UPLOAD,0,291,0,10,0,0,0,9,1,,
Gitea,XSS,RENDERED_TEXT,66,225,10,10,8,2,0,10,0,0.8,1.0
Halo,COMMAND_INJECTION,COMMAND_EXEC,19,258,10,10,0,10,0,10,0,0.0,
Halo,PATH_TRAVERSAL,FILE_PATH,22,255,10,10,6,4,0,10,0,0.6,1.0
Halo,SQLi,DB_QUERY,10,267,10,10,0,10,0,10,0,0.0,
Halo,SSRF,NET_REQUEST,30,247,10,10,0,10,1,9,0,0.0,0.0
Halo,UNRESTRICTED_UPLOAD,FILE_UPLOAD,6,271,6,10,4,2,0,10,0,0.6667,1.0
Halo,XSS,RENDERED_TEXT,70,207,10,10,5,5,1,9,0,0.5,0.8333
Jellyfin,COMMAND_INJECTION,COMMAND_EXEC,27,383,10,10,1,9,0,10,0,0.1,1.0
Jellyfin,PATH_TRAVERSAL,FILE_PATH,47,363,10,10,4,6,0,10,0,0.4,1.0
Jellyfin,SQLi,DB_QUERY,122,288,10,10,2,8,1,9,0,0.2,0.6667
Jellyfin,SSRF,NET_REQUEST,113,297,10,10,1,9,0,10,0,0.1,1.0
Jellyfin,UNRESTRICTED_UPLOAD,FILE_UPLOAD,0,410,0,10,0,0,0,10,0,,
Jellyfin,XSS,RENDERED_TEXT,121,289,10,10,1,9,0,10,0,0.1,1.0
Microcks,COMMAND_INJECTION,COMMAND_EXEC,2,44,2,10,0,2,1,9,0,0.0,0.0
Microcks,PATH_TRAVERSAL,FILE_PATH,4,42,4,10,1,3,0,10,0,0.25,1.0
Microcks,SQLi,DB_QUERY,7,39,7,10,0,7,0,10,0,0.0,
Microcks,SSRF,NET_REQUEST,4,42,4,10,4,0,1,9,0,1.0,0.8
Microcks,UNRESTRICTED_UPLOAD,FILE_UPLOAD,0,46,0,10,0,0,0,10,0,,
Microcks,XSS,RENDERED_TEXT,11,35,10,10,8,2,0,10,0,0.8,1.0
NovelAdmin,COMMAND_INJECTION,COMMAND_EXEC,23,211,10,10,0,10,0,10,0,0.0,
NovelAdmin,PATH_TRAVERSAL,FILE_PATH,10,224,10,10,1,9,0,10,0,0.1,1.0
NovelAdmin,SQLi,DB_QUERY,54,180,10,10,4,6,0,10,0,0.4,1.0
NovelAdmin,SSRF,NET_REQUEST,16,218,10,10,0,10,0,10,0,0.0,
NovelAdmin,UNRESTRICTED_UPLOAD,FILE_UPLOAD,2,232,2,10,2,0,0,10,0,1.0,1.0
NovelAdmin,XSS,RENDERED_TEXT,69,165,10,10,6,4,2,8,0,0.6,0.75
NovelFront,COMMAND_INJECTION,COMMAND_EXEC,0,88,0,10,0,0,0,10,0,,
NovelFront,PATH_TRAVERSAL,FILE_PATH,0,88,0,10,0,0,1,9,0,,0.0
NovelFront,SQLi,DB_QUERY,6,82,6,10,1,5,0,10,0,0.1667,1.0
NovelFront,SSRF,NET_REQUEST,1,87,1,10,1,0,0,10,0,1.0,1.0
NovelFront,UNRESTRICTED_UPLOAD,FILE_UPLOAD,1,87,1,10,1,0,0,10,0,1.0,1.0
NovelFront,XSS,RENDERED_TEXT,21,67,10,10,5,5,0,10,0,0.5,1.0
Rbaskets,COMMAND_INJECTION,COMMAND_EXEC,0,20,0,10,0,0,0,10,0,,
Rbaskets,PATH_TRAVERSAL,FILE_PATH,0,20,0,10,0,0,0,10,0,,
Rbaskets,SQLi,DB_QUERY,0,20,0,10,0,0,0,10,0,,
Rbaskets,SSRF,NET_REQUEST,4,16,4,10,4,0,0,10,0,1.0,1.0
Rbaskets,UNRESTRICTED_UPLOAD,FILE_UPLOAD,0,20,0,10,0,0,0,10,0,,
Rbaskets,XSS,RENDERED_TEXT,8,12,8,10,6,2,0,10,0,0.75,1.0
ALL,COMMAND_INJECTION,COMMAND_EXEC,182,1905,80,110,8,72,2,,0,0.1,0.8
ALL,PATH_TRAVERSAL,FILE_PATH,132,1955,72,110,21,51,3,,0,0.2917,0.875
ALL,SQLi,DB_QUERY,372,1715,92,110,13,79,4,,0,0.1413,0.7647
ALL,SSRF,NET_REQUEST,280,1807,84,110,26,58,2,,0,0.3095,0.9286
ALL,UNRESTRICTED_UPLOAD,FILE_UPLOAD,12,2075,12,110,9,3,0,,1,0.75,1.0
ALL,XSS,RENDERED_TEXT,606,1481,108,110,58,50,4,,0,0.537,0.9355
